<?xml version="1.0" encoding="utf-8"?>
<!--/4621152/896458/2.49/6/4/Integrated Circuit/-->
<quadcept_library>
  <setting unit="mil" />
  <textstyle name="Default" height="47.244094488189" strokewidth="7.8740157480315" charwidth="47.244094488189" />
  <textstyle name="Dimension" height="19.6850393700787" strokewidth="0" charwidth="19.6850393700787" />
  <textstyle name="H127W0635TH00762" height="50" strokewidth="3" charwidth="25" />
  <textstyle name="H15W15TH02" height="59.0551181102362" strokewidth="7.8740157480315" charwidth="59.0551181102362" />
  <padstyle name="r30_25" surface="True" plated="False" isvia="False" nopaste="False" nomask="True" complex="False" holesize="0">
    <padshape layer="TOP" shape="rectangle" width="9.8425196850392" height="11.811023622047" />
    <padshape layer="TOP_SOLDER_MASK" shape="rectangle" width="17.716535433071" height="19.685039370078" />
    <padshape layer="TOP_SOLDER_PASTE" shape="rectangle" width="9.8425196850392" height="11.811023622047" />
  </padstyle>
  <footprint name="MXC4005XC" originx="0" originy="0" pickpointx="0" pickpointy="0">
    <pcbpin number="1" name="1" style="r30_25" originx="-8.6614173228345" originy="18.110236220472" rotation="0" />
    <pcbpin number="2" name="2" style="r30_25" originx="-8.6614173228345" originy="0" rotation="0" />
    <pcbpin number="3" name="3" style="r30_25" originx="-8.6614173228345" originy="-18.110236220472" rotation="0" />
    <pcbpin number="4" name="4" style="r30_25" originx="8.6614173228345" originy="-18.110236220472" rotation="0" />
    <pcbpin number="5" name="5" style="r30_25" originx="8.6614173228345" originy="0" rotation="0" />
    <pcbpin number="6" name="6" style="r30_25" originx="8.6614173228345" originy="18.110236220472" rotation="0" />
    <line layer="TOP_ASSEMBLY" originx="-23.228346456693" originy="-33.464566929133" endx="23.228346456693" endy="-33.464566929133" width="7.8740157480314" />
    <line layer="TOP_ASSEMBLY" originx="23.228346456693" originy="-33.464566929133" endx="23.228346456693" endy="33.464566929133" width="7.8740157480314" />
    <line layer="TOP_ASSEMBLY" originx="23.228346456693" originy="33.464566929133" endx="-23.228346456693" endy="33.464566929133" width="7.8740157480314" />
    <line layer="TOP_ASSEMBLY" originx="-23.228346456693" originy="33.464566929133" endx="-23.228346456693" endy="-33.464566929133" width="7.8740157480314" />
    <line layer="TOP_SILKSCREEN" originx="-23.228346456693" originy="33.464566929133" endx="23.228346456693" endy="33.464566929133" width="3.9370078740157" />
    <line layer="TOP_SILKSCREEN" originx="23.228346456693" originy="33.464566929133" endx="23.228346456693" endy="-33.464566929133" width="3.9370078740157" />
    <line layer="TOP_SILKSCREEN" originx="23.228346456693" originy="-33.464566929133" endx="-23.228346456693" endy="-33.464566929133" width="3.9370078740157" />
    <line layer="TOP_SILKSCREEN" originx="-23.228346456693" originy="-33.464566929133" endx="-23.228346456693" endy="33.464566929133" width="3.9370078740157" />
    <line layer="TOP_PLACE_BOUND" originx="-98.425196850392" originy="72.83464566929" endx="62.59842519685" endy="72.83464566929" width="3.9370078740157" />
    <line layer="TOP_PLACE_BOUND" originx="62.59842519685" originy="72.83464566929" endx="62.59842519685" endy="-72.83464566929" width="3.9370078740157" />
    <line layer="TOP_PLACE_BOUND" originx="62.59842519685" originy="-72.83464566929" endx="-98.425196850392" endy="-72.83464566929" width="3.9370078740157" />
    <line layer="TOP_PLACE_BOUND" originx="-98.425196850392" originy="-72.83464566929" endx="-98.425196850392" endy="72.83464566929" width="3.9370078740157" />
    <line layer="TOP_SILKSCREEN" originx="-59.055118110235" originy="19.685039370078" endx="-59.055118110235" endy="19.685039370078" width="7.8740157480314" />
    <arc layer="TOP_SILKSCREEN" originx="-57.086614173228" originy="19.685039370078" startangle="180.0" sweepangle="180.0" radius="1.9685039370079" width="7.8740157480314" />
    <line layer="TOP_SILKSCREEN" originx="-55.11811023622" originy="19.685039370078" endx="-55.11811023622" endy="19.685039370078" width="7.8740157480314" />
    <arc layer="TOP_SILKSCREEN" originx="-57.086614173228" originy="19.685039370078" startangle=".0" sweepangle="180.0" radius="1.9685039370079" width="7.8740157480314" />
    <line layer="TOP_SILKSCREEN" originx="-59.055118110235" originy="19.685039370078" endx="-59.055118110235" endy="19.685039370078" width="7.8740157480314" />
    <arc layer="TOP_SILKSCREEN" originx="-57.086614173228" originy="19.685039370078" startangle="180.0" sweepangle="180.0" radius="1.9685039370079" width="7.8740157480314" />
  </footprint>
  <symbol name="MXC4005XC" originx="0" originy="0">
    <line originx="200" originy="100" endx="800" endy="100" width="0" />
    <line originx="800" originy="-300" endx="800" endy="100" width="0" />
    <line originx="800" originy="-300" endx="200" endy="-300" width="0" />
    <line originx="200" originy="100" endx="200" endy="-300" width="0" />
    <sympin number="1" originx="200" originy="0" rotation="180" length="100" width="7.8740157480315" flipped="False">
      <text name="pinname" originx="230" originy="0" style="Default" rotation="0" justify="left" flipped="False" hidden="False" data="SCL" />
      <text name="pindes" originx="140" originy="20" style="Default" rotation="0" justify="lowerright" flipped="False" hidden="False" data="1" />
    </sympin>
    <sympin number="2" originx="200" originy="-100" rotation="180" length="100" width="7.8740157480315" flipped="False">
      <text name="pinname" originx="230" originy="-100" style="Default" rotation="0" justify="left" flipped="False" hidden="False" data="NC" />
      <text name="pindes" originx="140" originy="-80" style="Default" rotation="0" justify="lowerright" flipped="False" hidden="False" data="2" />
    </sympin>
    <sympin number="3" originx="200" originy="-200" rotation="180" length="100" width="7.8740157480315" flipped="False">
      <text name="pinname" originx="230" originy="-200" style="Default" rotation="0" justify="left" flipped="False" hidden="False" data="GND" />
      <text name="pindes" originx="140" originy="-180" style="Default" rotation="0" justify="lowerright" flipped="False" hidden="False" data="3" />
    </sympin>
    <sympin number="4" originx="800" originy="-200" rotation="0" length="100" width="7.8740157480315" flipped="False">
      <text name="pinname" originx="770" originy="-200" style="Default" rotation="0" justify="right" flipped="False" hidden="False" data="INT" />
      <text name="pindes" originx="860" originy="-180" style="Default" rotation="0" justify="lowerleft" flipped="False" hidden="False" data="4" />
    </sympin>
    <sympin number="5" originx="800" originy="-100" rotation="0" length="100" width="7.8740157480315" flipped="False">
      <text name="pinname" originx="770" originy="-100" style="Default" rotation="0" justify="right" flipped="False" hidden="False" data="SDA" />
      <text name="pindes" originx="860" originy="-80" style="Default" rotation="0" justify="lowerleft" flipped="False" hidden="False" data="5" />
    </sympin>
    <sympin number="6" originx="800" originy="0" rotation="0" length="100" width="7.8740157480315" flipped="False">
      <text name="pinname" originx="770" originy="0" style="Default" rotation="0" justify="right" flipped="False" hidden="False" data="VDD" />
      <text name="pindes" originx="860" originy="20" style="Default" rotation="0" justify="lowerleft" flipped="False" hidden="False" data="6" />
    </sympin>
  </symbol>
  <component name="MXC4005XC" designatorprefix="IC" height="34.842519685039" footprint="MXC4005XC">
    <comppin designator="1" sympin="1" pinswap="0" gateswap="0" gate="1" group="1" side="" type="Any" name="SCL" />
    <comppin designator="2" sympin="2" pinswap="0" gateswap="0" gate="1" group="1" side="" type="Any" name="NC" />
    <comppin designator="3" sympin="3" pinswap="0" gateswap="0" gate="1" group="1" side="" type="Any" name="GND" />
    <comppin designator="4" sympin="4" pinswap="0" gateswap="0" gate="1" group="1" side="" type="Any" name="INT" />
    <comppin designator="5" sympin="5" pinswap="0" gateswap="0" gate="1" group="1" side="" type="Any" name="SDA" />
    <comppin designator="6" sympin="6" pinswap="0" gateswap="0" gate="1" group="1" side="" type="Any" name="VDD" />
    <attached_symbol gate="1" name="MXC4005XC" />
    <pinmap designator="1" footprintpin="1" />
    <pinmap designator="2" footprintpin="2" />
    <pinmap designator="3" footprintpin="3" />
    <pinmap designator="4" footprintpin="4" />
    <pinmap designator="5" footprintpin="5" />
    <pinmap designator="6" footprintpin="6" />
    <text name="Datasheet" originx="0" originy="0" style="Default" rotation="0" justify="" flipped="False" hidden="True" data="https://datasheet.datasheetarchive.com/originals/distributors/Datasheets_SAMA/aa0fcdfc55209a6ab2215b00180fe2f1.pdf" />
    <text name="Description" originx="0" originy="0" style="Default" rotation="0" justify="" flipped="False" hidden="True" data="Accelerometers Monolithic and Wafer Level Packaged Three-Axis Accelerometer" />
    <text name="Mouser Part Number" originx="0" originy="0" style="Default" rotation="0" justify="" flipped="False" hidden="True" data="438-MXC4005XC" />
    <text name="Mouser Price/Stock" originx="0" originy="0" style="Default" rotation="0" justify="" flipped="False" hidden="True" data="https://www.mouser.co.uk/ProductDetail/MEMSIC/MXC4005XC?qs=RcG8xmE7yp3iyYgWLmAtUw%3D%3D" />
    <text name="Manufacturer_Name" originx="0" originy="0" style="Default" rotation="0" justify="" flipped="False" hidden="True" data="MEMSIC" />
    <text name="Manufacturer_Part_Number" originx="850" originy="200" style="Default" rotation="0" justify="left" flipped="False" hidden="False" data="MXC4005XC" />
  </component>
</quadcept_library>
