<?xml version="1.0" encoding="utf-8"?>
<!--/1910372/896458/2.49/2/4/Phototransistor/-->
<quadcept_library>
  <setting unit="mil" />
  <textstyle name="Default" height="47.244094488189" strokewidth="7.8740157480315" charwidth="47.244094488189" />
  <textstyle name="Dimension" height="19.6850393700787" strokewidth="0" charwidth="19.6850393700787" />
  <textstyle name="H127W0635TH00762" height="50" strokewidth="3" charwidth="25" />
  <textstyle name="H15W15TH02" height="59.0551181102362" strokewidth="7.8740157480315" charwidth="59.0551181102362" />
  <padstyle name="r160_100" surface="True" plated="False" isvia="False" nopaste="False" nomask="True" complex="False" holesize="0">
    <padshape layer="TOP" shape="rectangle" width="39.370078740157" height="62.992125984251" />
    <padshape layer="TOP_SOLDER_MASK" shape="rectangle" width="47.244094488188" height="70.866141732283" />
    <padshape layer="TOP_SOLDER_PASTE" shape="rectangle" width="39.370078740157" height="62.992125984251" />
  </padstyle>
  <footprint name="1541201NEA400" originx="0" originy="0" pickpointx="0" pickpointy="0">
    <pcbpin number="1" name="1" style="r160_100" originx="-59.055118110235" originy="0" rotation="0" />
    <pcbpin number="2" name="2" style="r160_100" originx="59.055118110235" originy="0" rotation="0" />
    <line layer="TOP_ASSEMBLY" originx="-62.992125984251" originy="31.496062992126" endx="62.992125984251" endy="31.496062992126" width="7.8740157480314" />
    <line layer="TOP_ASSEMBLY" originx="62.992125984251" originy="31.496062992126" endx="62.992125984251" endy="-31.496062992126" width="7.8740157480314" />
    <line layer="TOP_ASSEMBLY" originx="62.992125984251" originy="-31.496062992126" endx="-62.992125984251" endy="-31.496062992126" width="7.8740157480314" />
    <line layer="TOP_ASSEMBLY" originx="-62.992125984251" originy="-31.496062992126" endx="-62.992125984251" endy="31.496062992126" width="7.8740157480314" />
    <line layer="TOP_PLACE_BOUND" originx="-137.79527559055" originy="70.866141732283" endx="118.11023622047" endy="70.866141732283" width="3.9370078740157" />
    <line layer="TOP_PLACE_BOUND" originx="118.11023622047" originy="70.866141732283" endx="118.11023622047" endy="-70.866141732283" width="3.9370078740157" />
    <line layer="TOP_PLACE_BOUND" originx="118.11023622047" originy="-70.866141732283" endx="-137.79527559055" endy="-70.866141732283" width="3.9370078740157" />
    <line layer="TOP_PLACE_BOUND" originx="-137.79527559055" originy="-70.866141732283" endx="-137.79527559055" endy="70.866141732283" width="3.9370078740157" />
    <line layer="TOP_SILKSCREEN" originx="-23.622047244094" originy="-31.496062992126" endx="23.622047244094" endy="-31.496062992126" width="3.9370078740157" />
    <line layer="TOP_SILKSCREEN" originx="-94.488188976377" originy="0" endx="-94.488188976377" endy="0" width="3.9370078740157" />
    <arc layer="TOP_SILKSCREEN" originx="-96.456692913385" originy="0" startangle=".0" sweepangle="180.0" radius="1.9685039370079" width="3.9370078740157" />
    <line layer="TOP_SILKSCREEN" originx="-98.425196850392" originy="0" endx="-98.425196850392" endy="0" width="3.9370078740157" />
    <arc layer="TOP_SILKSCREEN" originx="-96.456692913385" originy="0" startangle="180.0" sweepangle="180.0" radius="1.9685039370079" width="3.9370078740157" />
    <line layer="TOP_SILKSCREEN" originx="-23.622047244094" originy="31.496062992126" endx="23.622047244094" endy="31.496062992126" width="3.9370078740157" />
  </footprint>
  <symbol name="1541201NEA400" originx="0" originy="0">
    <line originx="-100" originy="-200" endx="-100" endy="-400" width="0" />
    <line originx="-100" originy="-250" endx="0" endy="-150" width="0" />
    <line originx="0" originy="-450" endx="0" endy="-500" width="0" />
    <line originx="0" originy="-150" endx="0" endy="-100" width="0" />
    <line originx="-100" originy="-350" endx="0" endy="-450" width="0" />
    <line originx="-300" originy="-80" endx="-200" endy="-180" width="0" />
    <line originx="-360" originy="-140" endx="-260" endy="-240" width="0" />
    <arc originx="-50" originy="-300" startangle="180" sweepangle="180" radius="158.114" width="0" />
    <arc originx="-50" originy="-300" startangle="180" sweepangle="-180" radius="158.114" width="0" />
    <sympin number="2" originx="0" originy="-500" rotation="270" length="100" width="7.8740157480315" flipped="False">
      <text name="pinname" originx="20" originy="-600" style="Default" rotation="90" justify="lowerleft" flipped="False" hidden="False" data="E" />
      <text name="pindes" originx="-20" originy="-600" style="Default" rotation="90" justify="lowerright" flipped="False" hidden="False" data="2" />
    </sympin>
    <sympin number="1" originx="0" originy="-100" rotation="90" length="100" width="7.8740157480315" flipped="False">
      <text name="pinname" originx="20" originy="0" style="Default" rotation="90" justify="upperleft" flipped="False" hidden="False" data="C" />
      <text name="pindes" originx="-20" originy="0" style="Default" rotation="90" justify="upperright" flipped="False" hidden="False" data="1" />
    </sympin>
    <polygon type="polygon">
      <point x="-70" y="-400" />
      <point x="-50" y="-380" />
      <point x="-30" y="-420" />
    </polygon>
    <polygon type="polygon">
      <point x="-320" y="-210" />
      <point x="-290" y="-180" />
      <point x="-260" y="-240" />
    </polygon>
    <polygon type="polygon">
      <point x="-260" y="-150" />
      <point x="-230" y="-120" />
      <point x="-200" y="-180" />
    </polygon>
  </symbol>
  <component name="1541201NEA400" designatorprefix="Q" height="47.244094488188" footprint="1541201NEA400">
    <comppin designator="1" sympin="1" pinswap="0" gateswap="0" gate="1" group="1" side="" type="Any" name="C" />
    <comppin designator="2" sympin="2" pinswap="0" gateswap="0" gate="1" group="1" side="" type="Any" name="E" />
    <attached_symbol gate="1" name="1541201NEA400" />
    <pinmap designator="1" footprintpin="1" />
    <pinmap designator="2" footprintpin="2" />
    <text name="Datasheet" originx="0" originy="0" style="Default" rotation="0" justify="" flipped="False" hidden="True" data="https://www.mouser.dk/datasheet/2/445/1541201NEA400-1715480.pdf" />
    <text name="Description" originx="0" originy="0" style="Default" rotation="0" justify="" flipped="False" hidden="True" data="WURTH ELEKTRONIK - 1541201NEA400 - Phototransistor, 940 nm, 140 , 150 mW, 2 Pins, 1206, WL-STCB Series" />
    <text name="Mouser Part Number" originx="0" originy="0" style="Default" rotation="0" justify="" flipped="False" hidden="True" data="710-1541201NEA400" />
    <text name="Mouser Price/Stock" originx="0" originy="0" style="Default" rotation="0" justify="" flipped="False" hidden="True" data="https://www.mouser.co.uk/ProductDetail/Wurth-Elektronik/1541201NEA400?qs=u16ybLDytRZ%252BRXqtXC1wNA%3D%3D" />
    <text name="Manufacturer_Name" originx="0" originy="0" style="Default" rotation="0" justify="" flipped="False" hidden="True" data="Wurth Elektronik" />
    <text name="Manufacturer_Part_Number" originx="150" originy="-350" style="Default" rotation="0" justify="left" flipped="False" hidden="False" data="1541201NEA400" />
  </component>
</quadcept_library>
