<?xml version="1.0" encoding="utf-8"?>
<!--/12853817/896458/2.49/4/4/TVS Diode (Uni-directional)/-->
<quadcept_library>
  <setting unit="mil" />
  <textstyle name="Default" height="47.244094488189" strokewidth="7.8740157480315" charwidth="47.244094488189" />
  <textstyle name="Dimension" height="19.6850393700787" strokewidth="0" charwidth="19.6850393700787" />
  <textstyle name="H127W0635TH00762" height="50" strokewidth="3" charwidth="25" />
  <textstyle name="H15W15TH02" height="59.0551181102362" strokewidth="7.8740157480315" charwidth="59.0551181102362" />
  <padstyle name="r140_90" surface="True" plated="False" isvia="False" nopaste="False" nomask="True" complex="False" holesize="0">
    <padshape layer="TOP" shape="rectangle" width="35.433070866141" height="55.11811023622" />
    <padshape layer="TOP_SOLDER_MASK" shape="rectangle" width="43.307086614173" height="62.992125984251" />
    <padshape layer="TOP_SOLDER_PASTE" shape="rectangle" width="35.433070866141" height="55.11811023622" />
  </padstyle>
  <padstyle name="r140_110" surface="True" plated="False" isvia="False" nopaste="False" nomask="True" complex="False" holesize="0">
    <padshape layer="TOP" shape="rectangle" width="43.307086614173" height="55.11811023622" />
    <padshape layer="TOP_SOLDER_MASK" shape="rectangle" width="51.181102362204" height="62.992125984251" />
    <padshape layer="TOP_SOLDER_PASTE" shape="rectangle" width="43.307086614173" height="55.11811023622" />
  </padstyle>
  <footprint name="SP0503BAHTG" originx="0" originy="0" pickpointx="0" pickpointy="0">
    <pcbpin number="1" name="1" style="r140_110" originx="-29.527559055118" originy="-43.307086614173" rotation="0" />
    <pcbpin number="2" name="2" style="r140_90" originx="37.401574803149" originy="-43.307086614173" rotation="0" />
    <pcbpin number="3" name="3" style="r140_90" originx="37.401574803149" originy="43.307086614173" rotation="0" />
    <pcbpin number="4" name="4" style="r140_90" originx="-37.401574803149" originy="43.307086614173" rotation="0" />
    <line layer="TOP_ASSEMBLY" originx="-57.480314960629" originy="25.590551181102" endx="57.480314960629" endy="25.590551181102" width="7.8740157480314" />
    <line layer="TOP_ASSEMBLY" originx="57.480314960629" originy="25.590551181102" endx="57.480314960629" endy="-25.590551181102" width="7.8740157480314" />
    <line layer="TOP_ASSEMBLY" originx="57.480314960629" originy="-25.590551181102" endx="-57.480314960629" endy="-25.590551181102" width="7.8740157480314" />
    <line layer="TOP_ASSEMBLY" originx="-57.480314960629" originy="-25.590551181102" endx="-57.480314960629" endy="25.590551181102" width="7.8740157480314" />
    <line layer="TOP_PLACE_BOUND" originx="-96.850393700786" originy="110.23622047244" endx="96.850393700786" endy="110.23622047244" width="3.9370078740157" />
    <line layer="TOP_PLACE_BOUND" originx="96.850393700786" originy="110.23622047244" endx="96.850393700786" endy="-133.85826771653" width="3.9370078740157" />
    <line layer="TOP_PLACE_BOUND" originx="96.850393700786" originy="-133.85826771653" endx="-96.850393700786" endy="-133.85826771653" width="3.9370078740157" />
    <line layer="TOP_PLACE_BOUND" originx="-96.850393700786" originy="-133.85826771653" endx="-96.850393700786" endy="110.23622047244" width="3.9370078740157" />
    <line layer="TOP_SILKSCREEN" originx="-39.370078740157" originy="-94.488188976377" endx="-39.370078740157" endy="-94.488188976377" width="3.9370078740157" />
    <arc layer="TOP_SILKSCREEN" originx="-39.370078740157" originy="-92.519685039369" startangle="-90.0" sweepangle="180.0" radius="1.9685039370079" width="3.9370078740157" />
    <line layer="TOP_SILKSCREEN" originx="-39.370078740157" originy="-90.551181102361" endx="-39.370078740157" endy="-90.551181102361" width="3.9370078740157" />
    <arc layer="TOP_SILKSCREEN" originx="-39.370078740157" originy="-92.519685039369" startangle="90.0" sweepangle="180.0" radius="1.9685039370079" width="3.9370078740157" />
  </footprint>
  <symbol name="SP0503BAHTG" originx="0" originy="0">
    <line originx="200" originy="100" endx="1100" endy="100" width="0" />
    <line originx="1100" originy="-200" endx="1100" endy="100" width="0" />
    <line originx="1100" originy="-200" endx="200" endy="-200" width="0" />
    <line originx="200" originy="100" endx="200" endy="-200" width="0" />
    <sympin number="1" originx="200" originy="0" rotation="180" length="100" width="7.8740157480315" flipped="False">
      <text name="pinname" originx="230" originy="0" style="Default" rotation="0" justify="left" flipped="False" hidden="False" data="COMMON_A" />
      <text name="pindes" originx="140" originy="20" style="Default" rotation="0" justify="lowerright" flipped="False" hidden="False" data="1" />
    </sympin>
    <sympin number="2" originx="200" originy="-100" rotation="180" length="100" width="7.8740157480315" flipped="False">
      <text name="pinname" originx="230" originy="-100" style="Default" rotation="0" justify="left" flipped="False" hidden="False" data="K_1" />
      <text name="pindes" originx="140" originy="-80" style="Default" rotation="0" justify="lowerright" flipped="False" hidden="False" data="2" />
    </sympin>
    <sympin number="3" originx="1100" originy="-100" rotation="0" length="100" width="7.8740157480315" flipped="False">
      <text name="pinname" originx="1070" originy="-100" style="Default" rotation="0" justify="right" flipped="False" hidden="False" data="K_2" />
      <text name="pindes" originx="1160" originy="-80" style="Default" rotation="0" justify="lowerleft" flipped="False" hidden="False" data="3" />
    </sympin>
    <sympin number="4" originx="1100" originy="0" rotation="0" length="100" width="7.8740157480315" flipped="False">
      <text name="pinname" originx="1070" originy="0" style="Default" rotation="0" justify="right" flipped="False" hidden="False" data="K_3" />
      <text name="pindes" originx="1160" originy="20" style="Default" rotation="0" justify="lowerleft" flipped="False" hidden="False" data="4" />
    </sympin>
  </symbol>
  <component name="SP0503BAHTG" designatorprefix="D" height="48.031496062992" footprint="SP0503BAHTG">
    <comppin designator="1" sympin="1" pinswap="0" gateswap="0" gate="1" group="1" side="" type="Any" name="COMMON_A" />
    <comppin designator="2" sympin="2" pinswap="0" gateswap="0" gate="1" group="1" side="" type="Any" name="K_1" />
    <comppin designator="3" sympin="3" pinswap="0" gateswap="0" gate="1" group="1" side="" type="Any" name="K_2" />
    <comppin designator="4" sympin="4" pinswap="0" gateswap="0" gate="1" group="1" side="" type="Any" name="K_3" />
    <attached_symbol gate="1" name="SP0503BAHTG" />
    <pinmap designator="1" footprintpin="1" />
    <pinmap designator="2" footprintpin="2" />
    <pinmap designator="3" footprintpin="3" />
    <pinmap designator="4" footprintpin="4" />
    <text name="Datasheet" originx="0" originy="0" style="Default" rotation="0" justify="" flipped="False" hidden="True" data="" />
    <text name="Description" originx="0" originy="0" style="Default" rotation="0" justify="" flipped="False" hidden="True" data="ESD Suppressors / TVS Diodes TVS AVAL DIODE SMT" />
    <text name="Mouser2 Part Number" originx="0" originy="0" style="Default" rotation="0" justify="" flipped="False" hidden="True" data="" />
    <text name="Mouser2 Price/Stock" originx="0" originy="0" style="Default" rotation="0" justify="" flipped="False" hidden="True" data="" />
    <text name="Manufacturer_Name" originx="0" originy="0" style="Default" rotation="0" justify="" flipped="False" hidden="True" data="LITTELFUSE" />
    <text name="Manufacturer_Part_Number" originx="1150" originy="200" style="Default" rotation="0" justify="left" flipped="False" hidden="False" data="SP0503BAHTG" />
  </component>
</quadcept_library>
